<?xml version="1.0" encoding="UTF-8"?>
<project-private xmlns="http://www.netbeans.org/ns/project-private/1">
    <editor-bookmarks xmlns="http://www.netbeans.org/ns/editor-bookmarks/2" lastBookmarkId="0"/>
    <open-files xmlns="http://www.netbeans.org/ns/projectui-open-files/2">
        <group>
            <file>file:/C:/Users/deng/Desktop/Course4labs/Java/OneBank/src/onebank/SQL_table_scripts.sql</file>
            <file>file:/C:/Users/deng/Desktop/Course4labs/Java/OneBank/src/bundles/menu_Bundle_en_UK.properties</file>
            <file>file:/C:/Users/deng/Desktop/Course4labs/Java/OneBank/src/onebank/Utility.java</file>
            <file>file:/C:/Users/deng/Desktop/Course4labs/Java/OneBank/src/onebank/Main.java</file>
            <file>file:/C:/Users/deng/Desktop/Course4labs/Java/OneBank/src/onebank/cOps.fxml</file>
            <file>file:/C:/Users/deng/Desktop/Course4labs/Java/OneBank/src/onebank/cListController.java</file>
            <file>file:/C:/Users/deng/Desktop/Course4labs/Java/OneBank/src/onebank/SQL_stp_scripts.sql</file>
            <file>file:/C:/Users/deng/Desktop/Course4labs/Java/OneBank/src/onebank/rootPane.fxml</file>
            <file>file:/C:/Users/deng/Desktop/Course4labs/Java/OneBank/src/bundles/menu_Bundle_cn_ZH.properties</file>
            <file>file:/C:/Users/deng/Desktop/Course4labs/Java/OneBank/src/onebank/Customer.java</file>
            <file>file:/C:/Users/deng/Desktop/Course4labs/Java/OneBank/src/onebank/CustomerDAO.java</file>
            <file>file:/C:/Users/deng/Desktop/Course4labs/Java/OneBank/src/onebank/cList.fxml</file>
            <file>file:/C:/Users/deng/Desktop/Course4labs/Java/OneBank/src/onebank/cOpsController.java</file>
        </group>
    </open-files>
</project-private>
