<?xml version="1.0" encoding="UTF-8"?>
<project-private xmlns="http://www.netbeans.org/ns/project-private/1">
    <editor-bookmarks xmlns="http://www.netbeans.org/ns/editor-bookmarks/2" lastBookmarkId="0"/>
    <open-files xmlns="http://www.netbeans.org/ns/projectui-open-files/2">
        <group>
            <file>file:/C:/3%20JAVA%20COURSES/CustomerApp/CustomerApp/src/customerapp/AccountsDAO.java</file>
            <file>file:/C:/3%20JAVA%20COURSES/CustomerApp/CustomerApp/src/customerapp/Customer_CRUD.java</file>
            <file>file:/C:/3%20JAVA%20COURSES/CustomerApp/CustomerApp/src/customerapp/Customer.java</file>
            <file>file:/C:/3%20JAVA%20COURSES/CustomerApp/CustomerApp/src/customerapp/LogUtil.java</file>
            <file>file:/C:/3%20JAVA%20COURSES/CustomerApp/CustomerApp/src/customerapp/Accounts.java</file>
            <file>file:/C:/3%20JAVA%20COURSES/CustomerApp/CustomerApp/src/customerapp/CustomerDAO.java</file>
            <file>file:/C:/3%20JAVA%20COURSES/CustomerApp/CustomerApp/src/customerapp/AccountsCRUD.java</file>
        </group>
    </open-files>
</project-private>
