<?xml version="1.0" encoding="UTF-8"?>
<project-private xmlns="http://www.netbeans.org/ns/project-private/1">
    <editor-bookmarks xmlns="http://www.netbeans.org/ns/editor-bookmarks/2" lastBookmarkId="0"/>
    <open-files xmlns="http://www.netbeans.org/ns/projectui-open-files/2">
        <group>
            <file>file:/Users/antw/ntuc/cohortProj/CoreBanking/src/savingacc/SAtesting.java</file>
            <file>file:/Users/antw/ntuc/cohortProj/CoreBanking/src/custinfo/Cust_CRUB.java</file>
            <file>file:/Users/antw/ntuc/cohortProj/CoreBanking/src/custinfo/CustDAO.java</file>
            <file>file:/Users/antw/ntuc/cohortProj/CoreBanking/src/txhistory/HistDAO.java</file>
            <file>file:/Users/antw/ntuc/cohortProj/CoreBanking/src/savingacc/Saving_CRUD.java</file>
            <file>file:/Users/antw/ntuc/cohortProj/CoreBanking/src/savingacc/SavingAccDao.java</file>
            <file>file:/Users/antw/ntuc/cohortProj/CoreBanking/src/savingacc/SavingOpe.java</file>
        </group>
    </open-files>
</project-private>
