<?xml version="1.0" encoding="UTF-8"?>
<project-private xmlns="http://www.netbeans.org/ns/project-private/1">
    <editor-bookmarks xmlns="http://www.netbeans.org/ns/editor-bookmarks/2" lastBookmarkId="0"/>
    <open-files xmlns="http://www.netbeans.org/ns/projectui-open-files/2">
        <group>
            <file>file:/D:/NetBeans/NetBeansProjects/BankingIntranet/src/bankingui/RootPaneController.java</file>
            <file>file:/D:/NetBeans/NetBeansProjects/BankingIntranet/src/customerdetails/Customer.java</file>
            <file>file:/D:/NetBeans/NetBeansProjects/BankingIntranet/src/customerdetails/Customer_CRUD.java</file>
            <file>file:/D:/NetBeans/NetBeansProjects/BankingIntranet/src/bankingui/rootView.fxml</file>
            <file>file:/D:/NetBeans/NetBeansProjects/BankingIntranet/src/bankingui/cList.fxml</file>
            <file>file:/D:/NetBeans/NetBeansProjects/BankingIntranet/src/bankingui/cListController.java</file>
            <file>file:/D:/NetBeans/NetBeansProjects/BankingIntranet/src/mainprog/MainPage.java</file>
            <file>file:/D:/NetBeans/NetBeansProjects/BankingIntranet/src/bankingui/BankUI.java</file>
            <file>file:/D:/NetBeans/NetBeansProjects/BankingIntranet/src/customerdetails/CustomerDAO.java</file>
            <file>file:/D:/NetBeans/NetBeansProjects/BankingIntranet/src/bankingui/cOpsController.java</file>
        </group>
    </open-files>
</project-private>
